{
  "Top Routes Report" : {
    "transaction" : "Top Routes Report",
    "sampleCount" : 150,
    "errorCount" : 0,
    "errorPct" : 0.0,
    "meanResTime" : 1087.073333333333,
    "medianResTime" : 62.0,
    "minResTime" : 24.0,
    "maxResTime" : 8881.0,
    "pct1ResTime" : 5441.000000000001,
    "pct2ResTime" : 7202.5999999999985,
    "pct3ResTime" : 8711.680000000004,
    "throughput" : 10.004668845461214,
    "receivedKBytesPerSec" : 15.190487331588074,
    "sentKBytesPerSec" : 1.7781735643300207
  },
  "Create Batch Booking" : {
    "transaction" : "Create Batch Booking",
    "sampleCount" : 30,
    "errorCount" : 17,
    "errorPct" : 56.666668,
    "meanResTime" : 19.666666666666668,
    "medianResTime" : 14.0,
    "minResTime" : 5.0,
    "maxResTime" : 124.0,
    "pct1ResTime" : 39.20000000000002,
    "pct2ResTime" : 79.44999999999995,
    "pct3ResTime" : 124.0,
    "throughput" : 6.799637352674524,
    "receivedKBytesPerSec" : 2.6784639194242974,
    "sentKBytesPerSec" : 2.052286378059837
  },
  "Get Seats for Flight 1" : {
    "transaction" : "Get Seats for Flight 1",
    "sampleCount" : 500,
    "errorCount" : 0,
    "errorPct" : 0.0,
    "meanResTime" : 5.813999999999994,
    "medianResTime" : 5.0,
    "minResTime" : 3.0,
    "maxResTime" : 30.0,
    "pct1ResTime" : 8.0,
    "pct2ResTime" : 12.0,
    "pct3ResTime" : 25.970000000000027,
    "throughput" : 52.27391531625718,
    "receivedKBytesPerSec" : 411.5182305279666,
    "sentKBytesPerSec" : 9.086676685833769
  },
  "Customer Segments Report" : {
    "transaction" : "Customer Segments Report",
    "sampleCount" : 150,
    "errorCount" : 0,
    "errorPct" : 0.0,
    "meanResTime" : 267.52666666666676,
    "medianResTime" : 64.0,
    "minResTime" : 9.0,
    "maxResTime" : 6830.0,
    "pct1ResTime" : 142.40000000000003,
    "pct2ResTime" : 835.8499999999851,
    "pct3ResTime" : 6563.270000000005,
    "throughput" : 10.036130068245685,
    "receivedKBytesPerSec" : 9.61070530994915,
    "sentKBytesPerSec" : 1.8621725712565236
  },
  "Flight Occupancy Report" : {
    "transaction" : "Flight Occupancy Report",
    "sampleCount" : 150,
    "errorCount" : 0,
    "errorPct" : 0.0,
    "meanResTime" : 182.64666666666676,
    "medianResTime" : 62.0,
    "minResTime" : 12.0,
    "maxResTime" : 6818.0,
    "pct1ResTime" : 99.0,
    "pct2ResTime" : 146.29999999999984,
    "pct3ResTime" : 6554.3300000000045,
    "throughput" : 10.023387905111928,
    "receivedKBytesPerSec" : 9.660953683595055,
    "sentKBytesPerSec" : 1.771712119946542
  },
  "Total" : {
    "transaction" : "Total",
    "sampleCount" : 1730,
    "errorCount" : 40,
    "errorPct" : 2.3121388,
    "meanResTime" : 183.4208092485548,
    "medianResTime" : 7.0,
    "minResTime" : 2.0,
    "maxResTime" : 8881.0,
    "pct1ResTime" : 81.0,
    "pct2ResTime" : 142.44999999999982,
    "pct3ResTime" : 6305.450000000001,
    "throughput" : 114.39529193943,
    "receivedKBytesPerSec" : 354.213612440488,
    "sentKBytesPerSec" : 21.003422973285726
  },
  "Seat Utilization Report" : {
    "transaction" : "Seat Utilization Report",
    "sampleCount" : 150,
    "errorCount" : 0,
    "errorPct" : 0.0,
    "meanResTime" : 524.9733333333335,
    "medianResTime" : 56.5,
    "minResTime" : 11.0,
    "maxResTime" : 7962.0,
    "pct1ResTime" : 888.4000000000044,
    "pct2ResTime" : 5163.4499999999925,
    "pct3ResTime" : 7960.47,
    "throughput" : 10.055641214721458,
    "receivedKBytesPerSec" : 5.637181990346584,
    "sentKBytesPerSec" : 1.9541724626265335
  },
  "Create Single Booking" : {
    "transaction" : "Create Single Booking",
    "sampleCount" : 100,
    "errorCount" : 23,
    "errorPct" : 23.0,
    "meanResTime" : 15.999999999999998,
    "medianResTime" : 12.0,
    "minResTime" : 5.0,
    "maxResTime" : 196.0,
    "pct1ResTime" : 27.900000000000006,
    "pct2ResTime" : 36.0,
    "pct3ResTime" : 194.59999999999928,
    "throughput" : 21.408691928923144,
    "receivedKBytesPerSec" : 8.077181679511881,
    "sentKBytesPerSec" : 6.101895338257332
  },
  "Get All Flights" : {
    "transaction" : "Get All Flights",
    "sampleCount" : 500,
    "errorCount" : 0,
    "errorPct" : 0.0,
    "meanResTime" : 5.775999999999998,
    "medianResTime" : 4.0,
    "minResTime" : 2.0,
    "maxResTime" : 125.0,
    "pct1ResTime" : 8.0,
    "pct2ResTime" : 15.0,
    "pct3ResTime" : 24.0,
    "throughput" : 51.594262717985764,
    "receivedKBytesPerSec" : 79.55795003095655,
    "sentKBytesPerSec" : 8.565453771540604
  }
}