{
  "Top Routes Report" : {
    "transaction" : "Top Routes Report",
    "sampleCount" : 300,
    "errorCount" : 0,
    "errorPct" : 0.0,
    "meanResTime" : 728.8866666666668,
    "medianResTime" : 69.0,
    "minResTime" : 27.0,
    "maxResTime" : 5940.0,
    "pct1ResTime" : 3130.4,
    "pct2ResTime" : 4349.0,
    "pct3ResTime" : 5617.0,
    "throughput" : 24.523828987165864,
    "receivedKBytesPerSec" : 37.240775463909095,
    "sentKBytesPerSec" : 4.071338796697457
  },
  "Get Seats for Flight 1" : {
    "transaction" : "Get Seats for Flight 1",
    "sampleCount" : 1000,
    "errorCount" : 0,
    "errorPct" : 0.0,
    "meanResTime" : 4.383999999999995,
    "medianResTime" : 3.0,
    "minResTime" : 2.0,
    "maxResTime" : 131.0,
    "pct1ResTime" : 6.0,
    "pct2ResTime" : 9.949999999999932,
    "pct3ResTime" : 22.0,
    "throughput" : 105.40739959945188,
    "receivedKBytesPerSec" : 772.4536289791293,
    "sentKBytesPerSec" : 17.087527669442395
  },
  "Create Batch Booking" : {
    "transaction" : "Create Batch Booking",
    "sampleCount" : 60,
    "errorCount" : 48,
    "errorPct" : 80.0,
    "meanResTime" : 22.2,
    "medianResTime" : 9.0,
    "minResTime" : 4.0,
    "maxResTime" : 234.0,
    "pct1ResTime" : 42.8,
    "pct2ResTime" : 63.0,
    "pct3ResTime" : 234.0,
    "throughput" : 13.770943309616708,
    "receivedKBytesPerSec" : 5.559480433784714,
    "sentKBytesPerSec" : 3.991870122790911
  },
  "Customer Segments Report" : {
    "transaction" : "Customer Segments Report",
    "sampleCount" : 300,
    "errorCount" : 0,
    "errorPct" : 0.0,
    "meanResTime" : 196.35333333333293,
    "medianResTime" : 62.5,
    "minResTime" : 33.0,
    "maxResTime" : 4888.0,
    "pct1ResTime" : 136.0,
    "pct2ResTime" : 167.0,
    "pct3ResTime" : 3887.0,
    "throughput" : 25.410808063696425,
    "receivedKBytesPerSec" : 24.46849059800102,
    "sentKBytesPerSec" : 4.4171131204472305
  },
  "Flight Occupancy Report" : {
    "transaction" : "Flight Occupancy Report",
    "sampleCount" : 300,
    "errorCount" : 0,
    "errorPct" : 0.0,
    "meanResTime" : 170.91999999999993,
    "medianResTime" : 91.5,
    "minResTime" : 27.0,
    "maxResTime" : 4914.0,
    "pct1ResTime" : 144.90000000000003,
    "pct2ResTime" : 154.0,
    "pct3ResTime" : 3732.0,
    "throughput" : 27.183762232693002,
    "receivedKBytesPerSec" : 26.20153644889453,
    "sentKBytesPerSec" : 4.486382634106561
  },
  "Total" : {
    "transaction" : "Total",
    "sampleCount" : 3460,
    "errorCount" : 122,
    "errorPct" : 3.5260115,
    "meanResTime" : 135.75375722543328,
    "medianResTime" : 5.0,
    "minResTime" : 1.0,
    "maxResTime" : 5940.0,
    "pct1ResTime" : 109.90000000000009,
    "pct2ResTime" : 146.0,
    "pct3ResTime" : 4235.759999999977,
    "throughput" : 280.00323703164196,
    "receivedKBytesPerSec" : 823.2816230173181,
    "sentKBytesPerSec" : 48.127453063041195
  },
  "Seat Utilization Report" : {
    "transaction" : "Seat Utilization Report",
    "sampleCount" : 300,
    "errorCount" : 0,
    "errorPct" : 0.0,
    "meanResTime" : 421.7933333333331,
    "medianResTime" : 60.0,
    "minResTime" : 33.0,
    "maxResTime" : 5716.0,
    "pct1ResTime" : 814.4000000000203,
    "pct2ResTime" : 3613.0,
    "pct3ResTime" : 5279.0,
    "throughput" : 24.904532624937737,
    "receivedKBytesPerSec" : 13.960157936244396,
    "sentKBytesPerSec" : 4.547995703968122
  },
  "Create Single Booking" : {
    "transaction" : "Create Single Booking",
    "sampleCount" : 200,
    "errorCount" : 74,
    "errorPct" : 37.0,
    "meanResTime" : 20.22999999999999,
    "medianResTime" : 10.0,
    "minResTime" : 4.0,
    "maxResTime" : 231.0,
    "pct1ResTime" : 44.900000000000006,
    "pct2ResTime" : 55.0,
    "pct3ResTime" : 230.2300000000007,
    "throughput" : 43.14994606256742,
    "receivedKBytesPerSec" : 16.621999730312837,
    "sentKBytesPerSec" : 11.793335355987056
  },
  "Get All Flights" : {
    "transaction" : "Get All Flights",
    "sampleCount" : 1000,
    "errorCount" : 0,
    "errorPct" : 0.0,
    "meanResTime" : 4.56,
    "medianResTime" : 3.0,
    "minResTime" : 1.0,
    "maxResTime" : 153.0,
    "pct1ResTime" : 5.899999999999977,
    "pct2ResTime" : 10.0,
    "pct3ResTime" : 56.730000000000246,
    "throughput" : 103.72368011617051,
    "receivedKBytesPerSec" : 159.94110439788403,
    "sentKBytesPerSec" : 16.004239705424748
  }
}