{
  "Top Routes Report" : {
    "transaction" : "Top Routes Report",
    "sampleCount" : 150,
    "errorCount" : 0,
    "errorPct" : 0.0,
    "meanResTime" : 2.7933333333333326,
    "medianResTime" : 2.0,
    "minResTime" : 1.0,
    "maxResTime" : 43.0,
    "pct1ResTime" : 4.0,
    "pct2ResTime" : 5.0,
    "pct3ResTime" : 26.68000000000029,
    "throughput" : 15.582796592561811,
    "receivedKBytesPerSec" : 22.430705251402454,
    "sentKBytesPerSec" : 2.5869877155620196
  },
  "Create Batch Booking" : {
    "transaction" : "Create Batch Booking",
    "sampleCount" : 30,
    "errorCount" : 30,
    "errorPct" : 100.0,
    "meanResTime" : 5.333333333333333,
    "medianResTime" : 4.0,
    "minResTime" : 2.0,
    "maxResTime" : 40.0,
    "pct1ResTime" : 6.0,
    "pct2ResTime" : 21.849999999999977,
    "pct3ResTime" : 40.0,
    "throughput" : 6.75219446320054,
    "receivedKBytesPerSec" : 2.7826426401080355,
    "sentKBytesPerSec" : 1.8992744907720012
  },
  "Get Seats for Flight 1" : {
    "transaction" : "Get Seats for Flight 1",
    "sampleCount" : 500,
    "errorCount" : 0,
    "errorPct" : 0.0,
    "meanResTime" : 2.032000000000002,
    "medianResTime" : 2.0,
    "minResTime" : 1.0,
    "maxResTime" : 5.0,
    "pct1ResTime" : 3.0,
    "pct2ResTime" : 3.0,
    "pct3ResTime" : 4.0,
    "throughput" : 51.55170636148056,
    "receivedKBytesPerSec" : 475.7457276523353,
    "sentKBytesPerSec" : 8.357014898443138
  },
  "Customer Segments Report" : {
    "transaction" : "Customer Segments Report",
    "sampleCount" : 150,
    "errorCount" : 0,
    "errorPct" : 0.0,
    "meanResTime" : 1.9666666666666677,
    "medianResTime" : 2.0,
    "minResTime" : 1.0,
    "maxResTime" : 7.0,
    "pct1ResTime" : 3.0,
    "pct2ResTime" : 3.0,
    "pct3ResTime" : 5.980000000000018,
    "throughput" : 15.655985805239535,
    "receivedKBytesPerSec" : 7.537500978499113,
    "sentKBytesPerSec" : 2.721450657551404
  },
  "Flight Occupancy Report" : {
    "transaction" : "Flight Occupancy Report",
    "sampleCount" : 150,
    "errorCount" : 0,
    "errorPct" : 0.0,
    "meanResTime" : 2.573333333333334,
    "medianResTime" : 3.0,
    "minResTime" : 1.0,
    "maxResTime" : 5.0,
    "pct1ResTime" : 3.0,
    "pct2ResTime" : 4.0,
    "pct3ResTime" : 4.490000000000009,
    "throughput" : 15.657620041753653,
    "receivedKBytesPerSec" : 15.091866192588727,
    "sentKBytesPerSec" : 2.584118932672234
  },
  "Total" : {
    "transaction" : "Total",
    "sampleCount" : 1730,
    "errorCount" : 130,
    "errorPct" : 7.514451,
    "meanResTime" : 2.291329479768788,
    "medianResTime" : 2.0,
    "minResTime" : 1.0,
    "maxResTime" : 43.0,
    "pct1ResTime" : 3.0,
    "pct2ResTime" : 4.0,
    "pct3ResTime" : 5.690000000000055,
    "throughput" : 177.58160541983165,
    "receivedKBytesPerSec" : 611.3650142424553,
    "sentKBytesPerSec" : 30.466504567850542
  },
  "Seat Utilization Report" : {
    "transaction" : "Seat Utilization Report",
    "sampleCount" : 150,
    "errorCount" : 0,
    "errorPct" : 0.0,
    "meanResTime" : 2.2866666666666675,
    "medianResTime" : 2.0,
    "minResTime" : 1.0,
    "maxResTime" : 5.0,
    "pct1ResTime" : 3.0,
    "pct2ResTime" : 3.0,
    "pct3ResTime" : 4.490000000000009,
    "throughput" : 15.652718355421056,
    "receivedKBytesPerSec" : 8.71293892831055,
    "sentKBytesPerSec" : 2.858455402796619
  },
  "Create Single Booking" : {
    "transaction" : "Create Single Booking",
    "sampleCount" : 100,
    "errorCount" : 100,
    "errorPct" : 100.0,
    "meanResTime" : 4.010000000000002,
    "medianResTime" : 3.0,
    "minResTime" : 2.0,
    "maxResTime" : 40.0,
    "pct1ResTime" : 5.0,
    "pct2ResTime" : 5.949999999999989,
    "pct3ResTime" : 39.66999999999983,
    "throughput" : 21.285653469561517,
    "receivedKBytesPerSec" : 8.959098286504895,
    "sentKBytesPerSec" : 5.755233277458492
  },
  "Get All Flights" : {
    "transaction" : "Get All Flights",
    "sampleCount" : 500,
    "errorCount" : 0,
    "errorPct" : 0.0,
    "meanResTime" : 1.887999999999999,
    "medianResTime" : 2.0,
    "minResTime" : 1.0,
    "maxResTime" : 41.0,
    "pct1ResTime" : 3.0,
    "pct2ResTime" : 3.0,
    "pct3ResTime" : 4.0,
    "throughput" : 51.3347022587269,
    "receivedKBytesPerSec" : 79.15770983059548,
    "sentKBytesPerSec" : 7.920784137577002
  }
}