{
  "Top Routes Report" : {
    "transaction" : "Top Routes Report",
    "sampleCount" : 150,
    "errorCount" : 0,
    "errorPct" : 0.0,
    "meanResTime" : 404.8733333333331,
    "medianResTime" : 34.0,
    "minResTime" : 2.0,
    "maxResTime" : 4138.0,
    "pct1ResTime" : 1826.4000000000005,
    "pct2ResTime" : 2953.399999999998,
    "pct3ResTime" : 4068.130000000001,
    "throughput" : 15.28896136989094,
    "receivedKBytesPerSec" : 23.103750732596065,
    "sentKBytesPerSec" : 2.5382064774233
  },
  "Get Seats for Flight 1" : {
    "transaction" : "Get Seats for Flight 1",
    "sampleCount" : 500,
    "errorCount" : 0,
    "errorPct" : 0.0,
    "meanResTime" : 2.406000000000004,
    "medianResTime" : 2.0,
    "minResTime" : 1.0,
    "maxResTime" : 11.0,
    "pct1ResTime" : 3.0,
    "pct2ResTime" : 4.0,
    "pct3ResTime" : 9.0,
    "throughput" : 51.55170636148056,
    "receivedKBytesPerSec" : 450.9731190071141,
    "sentKBytesPerSec" : 8.357014898443138
  },
  "Create Batch Booking" : {
    "transaction" : "Create Batch Booking",
    "sampleCount" : 30,
    "errorCount" : 3,
    "errorPct" : 10.0,
    "meanResTime" : 9.733333333333333,
    "medianResTime" : 7.0,
    "minResTime" : 5.0,
    "maxResTime" : 63.0,
    "pct1ResTime" : 14.50000000000001,
    "pct2ResTime" : 38.24999999999997,
    "pct3ResTime" : 63.0,
    "throughput" : 6.788866259334691,
    "receivedKBytesPerSec" : 2.5411840207060425,
    "sentKBytesPerSec" : 1.9694783887757412
  },
  "Customer Segments Report" : {
    "transaction" : "Customer Segments Report",
    "sampleCount" : 150,
    "errorCount" : 0,
    "errorPct" : 0.0,
    "meanResTime" : 141.67999999999998,
    "medianResTime" : 32.0,
    "minResTime" : 2.0,
    "maxResTime" : 4251.0,
    "pct1ResTime" : 69.9,
    "pct2ResTime" : 652.8499999999949,
    "pct3ResTime" : 3530.3700000000126,
    "throughput" : 15.435274747890512,
    "receivedKBytesPerSec" : 12.18221020271661,
    "sentKBytesPerSec" : 2.6830848682856554
  },
  "Flight Occupancy Report" : {
    "transaction" : "Flight Occupancy Report",
    "sampleCount" : 150,
    "errorCount" : 0,
    "errorPct" : 0.0,
    "meanResTime" : 89.17333333333328,
    "medianResTime" : 35.0,
    "minResTime" : 3.0,
    "maxResTime" : 3512.0,
    "pct1ResTime" : 49.0,
    "pct2ResTime" : 74.24999999999994,
    "pct3ResTime" : 3048.9200000000083,
    "throughput" : 15.43845203787567,
    "receivedKBytesPerSec" : 14.858605489656238,
    "sentKBytesPerSec" : 2.547947650782215
  },
  "Total" : {
    "transaction" : "Total",
    "sampleCount" : 1730,
    "errorCount" : 13,
    "errorPct" : 0.7514451,
    "meanResTime" : 77.63872832369938,
    "medianResTime" : 3.0,
    "minResTime" : 1.0,
    "maxResTime" : 4251.0,
    "pct1ResTime" : 41.0,
    "pct2ResTime" : 66.44999999999982,
    "pct3ResTime" : 2828.490000000001,
    "throughput" : 176.04558868423732,
    "receivedKBytesPerSec" : 586.8330715121604,
    "sentKBytesPerSec" : 30.258531183219702
  },
  "Seat Utilization Report" : {
    "transaction" : "Seat Utilization Report",
    "sampleCount" : 150,
    "errorCount" : 0,
    "errorPct" : 0.0,
    "meanResTime" : 237.75999999999974,
    "medianResTime" : 36.0,
    "minResTime" : 3.0,
    "maxResTime" : 4171.0,
    "pct1ResTime" : 267.50000000000114,
    "pct2ResTime" : 2337.5999999999945,
    "pct3ResTime" : 3833.380000000006,
    "throughput" : 15.373577944040177,
    "receivedKBytesPerSec" : 8.627519825509891,
    "sentKBytesPerSec" : 2.8074795659526495
  },
  "Create Single Booking" : {
    "transaction" : "Create Single Booking",
    "sampleCount" : 100,
    "errorCount" : 10,
    "errorPct" : 10.0,
    "meanResTime" : 7.119999999999998,
    "medianResTime" : 6.0,
    "minResTime" : 2.0,
    "maxResTime" : 61.0,
    "pct1ResTime" : 9.0,
    "pct2ResTime" : 13.899999999999977,
    "pct3ResTime" : 60.6099999999998,
    "throughput" : 21.417862497322766,
    "receivedKBytesPerSec" : 7.922935853501821,
    "sentKBytesPerSec" : 5.851217806275434
  },
  "Get All Flights" : {
    "transaction" : "Get All Flights",
    "sampleCount" : 500,
    "errorCount" : 0,
    "errorPct" : 0.0,
    "meanResTime" : 2.1700000000000017,
    "medianResTime" : 2.0,
    "minResTime" : 1.0,
    "maxResTime" : 44.0,
    "pct1ResTime" : 3.0,
    "pct2ResTime" : 4.0,
    "pct3ResTime" : 7.0,
    "throughput" : 51.3136288998358,
    "receivedKBytesPerSec" : 79.12521487582102,
    "sentKBytesPerSec" : 7.917532584154352
  }
}